comparison,delta_mrr,p_value,p_value_bootstrap,p_value_wilcoxon,effect_size_rbc,ci95_low,ci95_high,rounds
fusion_vs_trunc,0.008305481635034084,0.659,0.659,0.5300326081429534,0.05472636815920398,-0.02752704843878746,0.043186440970748655,2000
fusion_vs_window,0.0,1.0,1.0,,0.0,0.0,0.0,2000
dac_vs_trunc,0.004946346860378981,0.356,0.356,0.0058411310052843834,0.21311475409836064,-0.00571483684470877,0.015441999817267056,2000
dac_vs_window,-0.003359131282195449,0.846,0.846,0.4592434543377285,-0.1076923076923077,-0.0351149158552289,0.03228264600038525,2000
dac_vs_fusion,-0.003359131282195449,0.846,0.846,0.4592434543377285,-0.1076923076923077,-0.0351149158552289,0.03228264600038525,2000
