comparison,delta_mrr,p_value,p_value_bootstrap,p_value_wilcoxon,effect_size_rbc,ci95_low,ci95_high,rounds
fusion_vs_trunc,0.010867655277252197,0.526,0.526,0.3296841426557118,0.08629441624365482,-0.021372035937383772,0.04272669209167359,2000
fusion_vs_window,0.0,1.0,1.0,,0.0,0.0,0.0,2000
dac_vs_trunc,0.0054693808779120445,0.218,0.218,2.3556103903212778e-05,0.3551912568306011,-0.003330357954837382,0.016189356241375203,2000
dac_vs_window,-0.00539827486500144,0.745,0.745,0.32748892327078993,-0.18592964824120603,-0.03620862066745758,0.026085684727877343,2000
dac_vs_fusion,-0.00539827486500144,0.745,0.745,0.32748892327078993,-0.18592964824120603,-0.03620862066745758,0.026085684727877343,2000
