comparison,delta_mrr,p_value,p_value_bootstrap,p_value_wilcoxon,effect_size_rbc,ci95_low,ci95_high,rounds
fusion_vs_trunc,0.009029070846736431,0.508,0.508,0.16723257741536746,0.08247422680412371,-0.01644770335406065,0.036349767167121155,2000
fusion_vs_window,0.009763599373400211,0.307,0.307,0.3969539413919345,0.09302325581395349,-0.008499618899077178,0.028093416802585112,2000
dac_vs_trunc,0.006621356122195721,0.211,0.211,0.08195309959958468,0.12359550561797752,-0.0033439333434216677,0.018224668968468905,2000
dac_vs_window,0.007355882320553064,0.556,0.556,0.5266069113721494,0.046632124352331605,-0.017393254907801747,0.03319247560575604,2000
dac_vs_fusion,-0.0024077179841697216,0.818,0.818,0.3243823751100724,-0.09473684210526316,-0.024507743399590255,0.019044881081208585,2000
