comparison,delta_mrr,p_value,p_value_bootstrap,p_value_wilcoxon,effect_size_rbc,ci95_low,ci95_high,rounds
fusion_vs_trunc,0.006255722604691982,0.725,0.725,0.7277921519707038,-0.09090909090909091,-0.030143116507679223,0.0431358785368502,2000
fusion_vs_window,0.0,1.0,1.0,,0.0,0.0,0.0,2000
dac_vs_trunc,0.008440415374934673,0.062,0.062,0.5107837426132829,0.043010752688172046,-0.00027433673531049855,0.017482856381684536,2000
dac_vs_window,0.0021846904419362545,0.886,0.886,0.719544548686461,-0.046632124352331605,-0.02970385951921344,0.035498728137463326,2000
dac_vs_fusion,0.0021846904419362545,0.886,0.886,0.719544548686461,-0.046632124352331605,-0.02970385951921344,0.035498728137463326,2000
