comparison,delta_mrr,p_value,p_value_bootstrap,p_value_wilcoxon,effect_size_rbc,ci95_low,ci95_high,rounds
fusion_vs_trunc,-0.00346207432448864,0.721,0.721,0.04149197696168669,0.27461139896373055,-0.0238050302490592,0.015652994485571968,2000
fusion_vs_window,0.0062132105231285095,0.507,0.507,0.49293133155991053,0.09497206703910614,-0.011445564031600953,0.024863725528120977,2000
dac_vs_trunc,-0.0009272396564483643,0.911,0.911,0.0042738398195421344,0.29213483146067415,-0.012954462855122983,0.0085251661716029,2000
dac_vs_window,0.00874804425984621,0.469,0.469,0.7712021805348297,-0.05583756345177665,-0.014040727959945798,0.030910768080502745,2000
dac_vs_fusion,0.0025348342023789883,0.705,0.705,0.3141553021321519,-0.1443850267379679,-0.012020615511573851,0.0159070401918143,2000
